"Species","Family","Status","Criteria","Population","Description_Year","Country","1980","1981","1982","1983","1984","1985","1986","1987","1988","1989","1990","1991","1992","1993","1994","1995","1996","1997","1998","1999","2000","2001","2002","2003","2004","2005","2006","2007","2008","2009","2010","2011","2012","2013","2014","Species","Forest","Savanna","Shrubland","Grassland","Wetlands","Rocky areas","Caves and Subterranean Habitats","Desert","Marine Neritic","Marine Oceanic","Marine Deep Ocean Floor","Marine Intertidal","Marine Coastal/Supratidal","Artificial/Terrestrial","Artificial/Aquatic","Introduced Vegetation","Other","Unknown"
"Acacia abreviata","","NE","","Unkown",NA,"","NE","NE","NE","NE","NE","NE","NE","NE","NE","NE","NE","NE","NE","NE","NE","NE","NE","NE","NE","NE","NE","NE","NE","NE","NE","NE","NE","NE","NE","NE","NE","NE","NE","NE","NE","Acacia abreviata","0","0","0","0","0","0","0","0","0","0","0","0","0","0","0","0","0","1"
"Acacia abyssinica","","NE","","Unkown",NA,"","NE","NE","NE","NE","NE","NE","NE","NE","NE","NE","NE","NE","NE","NE","NE","NE","NE","NE","NE","NE","NE","NE","NE","NE","NE","NE","NE","NE","NE","NE","NE","NE","NE","NE","NE","Acacia abyssinica","0","0","0","0","0","0","0","0","0","0","0","0","0","0","0","0","0","1"
"Acacia brevispica","","NE","","Unkown",NA,"","NE","NE","NE","NE","NE","NE","NE","NE","NE","NE","NE","NE","NE","NE","NE","NE","NE","NE","NE","NE","NE","NE","NE","NE","NE","NE","NE","NE","NE","NE","NE","NE","NE","NE","NE","Acacia brevispica","0","0","0","0","0","0","0","0","0","0","0","0","0","0","0","0","0","1"
"Acacia Indet1","","NE","","Unkown",NA,"","NE","NE","NE","NE","NE","NE","NE","NE","NE","NE","NE","NE","NE","NE","NE","NE","NE","NE","NE","NE","NE","NE","NE","NE","NE","NE","NE","NE","NE","NE","NE","NE","NE","NE","NE","Acacia Indet1","0","0","0","0","0","0","0","0","0","0","0","0","0","0","0","0","0","1"
"Acacia indet2.4.","","NE","","Unkown",NA,"","NE","NE","NE","NE","NE","NE","NE","NE","NE","NE","NE","NE","NE","NE","NE","NE","NE","NE","NE","NE","NE","NE","NE","NE","NE","NE","NE","NE","NE","NE","NE","NE","NE","NE","NE","Acacia indet2.4.","0","0","0","0","0","0","0","0","0","0","0","0","0","0","0","0","0","1"
"Acacia Indet.3.thornless","","NE","","Unkown",NA,"","NE","NE","NE","NE","NE","NE","NE","NE","NE","NE","NE","NE","NE","NE","NE","NE","NE","NE","NE","NE","NE","NE","NE","NE","NE","NE","NE","NE","NE","NE","NE","NE","NE","NE","NE","Acacia Indet.3.thornless","0","0","0","0","0","0","0","0","0","0","0","0","0","0","0","0","0","1"
"Acacia Indet.5.x","","NE","","Unkown",NA,"","NE","NE","NE","NE","NE","NE","NE","NE","NE","NE","NE","NE","NE","NE","NE","NE","NE","NE","NE","NE","NE","NE","NE","NE","NE","NE","NE","NE","NE","NE","NE","NE","NE","NE","NE","Acacia Indet.5.x","0","0","0","0","0","0","0","0","0","0","0","0","0","0","0","0","0","1"
"Acacia Indet.6.y","","NE","","Unkown",NA,"","NE","NE","NE","NE","NE","NE","NE","NE","NE","NE","NE","NE","NE","NE","NE","NE","NE","NE","NE","NE","NE","NE","NE","NE","NE","NE","NE","NE","NE","NE","NE","NE","NE","NE","NE","Acacia Indet.6.y","0","0","0","0","0","0","0","0","0","0","0","0","0","0","0","0","0","1"
"Acacia lahai","","NE","","Unkown",NA,"","NE","NE","NE","NE","NE","NE","NE","NE","NE","NE","NE","NE","NE","NE","NE","NE","NE","NE","NE","NE","NE","NE","NE","NE","NE","NE","NE","NE","NE","NE","NE","NE","NE","NE","NE","Acacia lahai","0","0","0","0","0","0","0","0","0","0","0","0","0","0","0","0","0","1"
"Acacia mearnsii","","NE","","Unkown",NA,"","NE","NE","NE","NE","NE","NE","NE","NE","NE","NE","NE","NE","NE","NE","NE","NE","NE","NE","NE","NE","NE","NE","NE","NE","NE","NE","NE","NE","NE","NE","NE","NE","NE","NE","NE","Acacia mearnsii","0","0","0","0","0","0","0","0","0","0","0","0","0","0","0","0","0","1"
"Acacia mellifera","","NE","","Unkown",NA,"","NE","NE","NE","NE","NE","NE","NE","NE","NE","NE","NE","NE","NE","NE","NE","NE","NE","NE","NE","NE","NE","NE","NE","NE","NE","NE","NE","NE","NE","NE","NE","NE","NE","NE","NE","Acacia mellifera","0","0","0","0","0","0","0","0","0","0","0","0","0","0","0","0","0","1"
"Acacia polyacantha","","NE","","Unkown",NA,"","NE","NE","NE","NE","NE","NE","NE","NE","NE","NE","NE","NE","NE","NE","NE","NE","NE","NE","NE","NE","NE","NE","NE","NE","NE","NE","NE","NE","NE","NE","NE","NE","NE","NE","NE","Acacia polyacantha","0","0","0","0","0","0","0","0","0","0","0","0","0","0","0","0","0","1"
"Acacia seyal","","NE","","Unkown",NA,"","NE","NE","NE","NE","NE","NE","NE","NE","NE","NE","NE","NE","NE","NE","NE","NE","NE","NE","NE","NE","NE","NE","NE","NE","NE","NE","NE","NE","NE","NE","NE","NE","NE","NE","NE","Acacia seyal","0","0","0","0","0","0","0","0","0","0","0","0","0","0","0","0","0","1"
"Acacia Indet.7.sp","","NE","","Unkown",NA,"","NE","NE","NE","NE","NE","NE","NE","NE","NE","NE","NE","NE","NE","NE","NE","NE","NE","NE","NE","NE","NE","NE","NE","NE","NE","NE","NE","NE","NE","NE","NE","NE","NE","NE","NE","Acacia Indet.7.sp","0","0","0","0","0","0","0","0","0","0","0","0","0","0","0","0","0","1"
"Acacia tortilis","","NE","","Unkown",NA,"","NE","NE","NE","NE","NE","NE","NE","NE","NE","NE","NE","NE","NE","NE","NE","NE","NE","NE","NE","NE","NE","NE","NE","NE","NE","NE","NE","NE","NE","NE","NE","NE","NE","NE","NE","Acacia tortilis","0","0","0","0","0","0","0","0","0","0","0","0","0","0","0","0","0","1"
"Acacia tortilis.","","NE","","Unkown",NA,"","NE","NE","NE","NE","NE","NE","NE","NE","NE","NE","NE","NE","NE","NE","NE","NE","NE","NE","NE","NE","NE","NE","NE","NE","NE","NE","NE","NE","NE","NE","NE","NE","NE","NE","NE","Acacia tortilis.","0","0","0","0","0","0","0","0","0","0","0","0","0","0","0","0","0","1"
"Acacia xanthophloea","","NE","","Unkown",NA,"","NE","NE","NE","NE","NE","NE","NE","NE","NE","NE","NE","NE","NE","NE","NE","NE","NE","NE","NE","NE","NE","NE","NE","NE","NE","NE","NE","NE","NE","NE","NE","NE","NE","NE","NE","Acacia xanthophloea","0","0","0","0","0","0","0","0","0","0","0","0","0","0","0","0","0","1"
"Acrocarpus fraxinifolious","","NE","","Unkown",NA,"","NE","NE","NE","NE","NE","NE","NE","NE","NE","NE","NE","NE","NE","NE","NE","NE","NE","NE","NE","NE","NE","NE","NE","NE","NE","NE","NE","NE","NE","NE","NE","NE","NE","NE","NE","Acrocarpus fraxinifolious","0","0","0","0","0","0","0","0","0","0","0","0","0","0","0","0","0","1"
"Adansonia digitata","","NE","","Unkown",NA,"","NE","NE","NE","NE","NE","NE","NE","NE","NE","NE","NE","NE","NE","NE","NE","NE","NE","NE","NE","NE","NE","NE","NE","NE","NE","NE","NE","NE","NE","NE","NE","NE","NE","NE","NE","Adansonia digitata","0","0","0","0","0","0","0","0","0","0","0","0","0","0","0","0","0","1"
"Albizia gummifera","","NE","","Unkown",NA,"","NE","NE","NE","NE","NE","NE","NE","NE","NE","NE","NE","NE","NE","NE","NE","NE","NE","NE","NE","NE","NE","NE","NE","NE","NE","NE","NE","NE","NE","NE","NE","NE","NE","NE","NE","Albizia gummifera","0","0","0","0","0","0","0","0","0","0","0","0","0","0","0","0","0","1"
"Albizia Indet3","","NE","","Unkown",NA,"","NE","NE","NE","NE","NE","NE","NE","NE","NE","NE","NE","NE","NE","NE","NE","NE","NE","NE","NE","NE","NE","NE","NE","NE","NE","NE","NE","NE","NE","NE","NE","NE","NE","NE","NE","Albizia Indet3","0","0","0","0","0","0","0","0","0","0","0","0","0","0","0","0","0","1"
"Albizia sp2","","NE","","Unkown",NA,"","NE","NE","NE","NE","NE","NE","NE","NE","NE","NE","NE","NE","NE","NE","NE","NE","NE","NE","NE","NE","NE","NE","NE","NE","NE","NE","NE","NE","NE","NE","NE","NE","NE","NE","NE","Albizia sp2","0","0","0","0","0","0","0","0","0","0","0","0","0","0","0","0","0","1"
"Annona indet","","NE","","Unkown",NA,"","NE","NE","NE","NE","NE","NE","NE","NE","NE","NE","NE","NE","NE","NE","NE","NE","NE","NE","NE","NE","NE","NE","NE","NE","NE","NE","NE","NE","NE","NE","NE","NE","NE","NE","NE","Annona indet","0","0","0","0","0","0","0","0","0","0","0","0","0","0","0","0","0","1"
"Araucaria araucana","ARAUCARIACEAE","EN","B2ab(ii,iii,v)","Decreasing",NA,"Argentina, Chile","NE","NE","NE","NE","NE","NE","NE","NE","NE","NE","NE","NE","NE","NE","NE","NE","NE","VU","VU","VU","VU","VU","VU","VU","VU","VU","VU","VU","VU","VU","VU","VU","VU","EN","EN","Araucaria araucana","1","0","0","0","0","0","0","0","0","0","0","0","0","0","0","0","0","0"
"Azadirachta indica","","NE","","Unkown",NA,"","NE","NE","NE","NE","NE","NE","NE","NE","NE","NE","NE","NE","NE","NE","NE","NE","NE","NE","NE","NE","NE","NE","NE","NE","NE","NE","NE","NE","NE","NE","NE","NE","NE","NE","NE","Azadirachta indica","0","0","0","0","0","0","0","0","0","0","0","0","0","0","0","0","0","1"
"Bauhinia sp","","NE","","Unkown",NA,"","NE","NE","NE","NE","NE","NE","NE","NE","NE","NE","NE","NE","NE","NE","NE","NE","NE","NE","NE","NE","NE","NE","NE","NE","NE","NE","NE","NE","NE","NE","NE","NE","NE","NE","NE","Bauhinia sp","0","0","0","0","0","0","0","0","0","0","0","0","0","0","0","0","0","1"
"Bersama abyssinica","","NE","","Unkown",NA,"","NE","NE","NE","NE","NE","NE","NE","NE","NE","NE","NE","NE","NE","NE","NE","NE","NE","NE","NE","NE","NE","NE","NE","NE","NE","NE","NE","NE","NE","NE","NE","NE","NE","NE","NE","Bersama abyssinica","0","0","0","0","0","0","0","0","0","0","0","0","0","0","0","0","0","1"
"Bougainvillea praecox","","NE","","Unkown",NA,"","NE","NE","NE","NE","NE","NE","NE","NE","NE","NE","NE","NE","NE","NE","NE","NE","NE","NE","NE","NE","NE","NE","NE","NE","NE","NE","NE","NE","NE","NE","NE","NE","NE","NE","NE","Bougainvillea praecox","0","0","0","0","0","0","0","0","0","0","0","0","0","0","0","0","0","1"
"Bridelia micrantha","","NE","","Unkown",NA,"","NE","NE","NE","NE","NE","NE","NE","NE","NE","NE","NE","NE","NE","NE","NE","NE","NE","NE","NE","NE","NE","NE","NE","NE","NE","NE","NE","NE","NE","NE","NE","NE","NE","NE","NE","Bridelia micrantha","0","0","0","0","0","0","0","0","0","0","0","0","0","0","0","0","0","1"
"Calliandra indet","","NE","","Unkown",NA,"","NE","NE","NE","NE","NE","NE","NE","NE","NE","NE","NE","NE","NE","NE","NE","NE","NE","NE","NE","NE","NE","NE","NE","NE","NE","NE","NE","NE","NE","NE","NE","NE","NE","NE","NE","Calliandra indet","0","0","0","0","0","0","0","0","0","0","0","0","0","0","0","0","0","1"
"Callistemon citrinus","","NE","","Unkown",NA,"","NE","NE","NE","NE","NE","NE","NE","NE","NE","NE","NE","NE","NE","NE","NE","NE","NE","NE","NE","NE","NE","NE","NE","NE","NE","NE","NE","NE","NE","NE","NE","NE","NE","NE","NE","Callistemon citrinus","0","0","0","0","0","0","0","0","0","0","0","0","0","0","0","0","0","1"
"Catha edulis","CELASTRACEAE","LC","","Unknown",NA,"The Democratic Republic of the Congo, Ethiopia, Kenya, Malawi, Mozambique, Rwanda, Saudi Arabia, South Africa, Swaziland, United Republic of Tanzania, Uganda, Zambia, Zimbabwe","NE","NE","NE","NE","NE","NE","NE","NE","NE","NE","NE","NE","NE","NE","NE","NE","NE","NE","LR/lc","LR/lc","LR/lc","LR/lc","LR/lc","LR/lc","LR/lc","LR/lc","LR/lc","LR/lc","LR/lc","LR/lc","LR/lc","LR/lc","LR/lc","LR/lc","LR/lc","Catha edulis","0","0","0","0","0","0","0","0","0","0","0","0","0","0","0","0","0","1"
"Celtis africana","","NE","","Unkown",NA,"","NE","NE","NE","NE","NE","NE","NE","NE","NE","NE","NE","NE","NE","NE","NE","NE","NE","NE","NE","NE","NE","NE","NE","NE","NE","NE","NE","NE","NE","NE","NE","NE","NE","NE","NE","Celtis africana","0","0","0","0","0","0","0","0","0","0","0","0","0","0","0","0","0","1"
"Chrisophylum indet","","NE","","Unkown",NA,"","NE","NE","NE","NE","NE","NE","NE","NE","NE","NE","NE","NE","NE","NE","NE","NE","NE","NE","NE","NE","NE","NE","NE","NE","NE","NE","NE","NE","NE","NE","NE","NE","NE","NE","NE","Chrisophylum indet","0","0","0","0","0","0","0","0","0","0","0","0","0","0","0","0","0","1"
"Cisha indet","","NE","","Unkown",NA,"","NE","NE","NE","NE","NE","NE","NE","NE","NE","NE","NE","NE","NE","NE","NE","NE","NE","NE","NE","NE","NE","NE","NE","NE","NE","NE","NE","NE","NE","NE","NE","NE","NE","NE","NE","Cisha indet","0","0","0","0","0","0","0","0","0","0","0","0","0","0","0","0","0","1"
"Citrus centhaphylum","","NE","","Unkown",NA,"","NE","NE","NE","NE","NE","NE","NE","NE","NE","NE","NE","NE","NE","NE","NE","NE","NE","NE","NE","NE","NE","NE","NE","NE","NE","NE","NE","NE","NE","NE","NE","NE","NE","NE","NE","Citrus centhaphylum","0","0","0","0","0","0","0","0","0","0","0","0","0","0","0","0","0","1"
"Citrus hystrix","","NE","","Unkown",NA,"","NE","NE","NE","NE","NE","NE","NE","NE","NE","NE","NE","NE","NE","NE","NE","NE","NE","NE","NE","NE","NE","NE","NE","NE","NE","NE","NE","NE","NE","NE","NE","NE","NE","NE","NE","Citrus hystrix","0","0","0","0","0","0","0","0","0","0","0","0","0","0","0","0","0","1"
"Citrus Orange","","NE","","Unkown",NA,"","NE","NE","NE","NE","NE","NE","NE","NE","NE","NE","NE","NE","NE","NE","NE","NE","NE","NE","NE","NE","NE","NE","NE","NE","NE","NE","NE","NE","NE","NE","NE","NE","NE","NE","NE","Citrus Orange","0","0","0","0","0","0","0","0","0","0","0","0","0","0","0","0","0","1"
"Citrus xanthophyla","","NE","","Unkown",NA,"","NE","NE","NE","NE","NE","NE","NE","NE","NE","NE","NE","NE","NE","NE","NE","NE","NE","NE","NE","NE","NE","NE","NE","NE","NE","NE","NE","NE","NE","NE","NE","NE","NE","NE","NE","Citrus xanthophyla","0","0","0","0","0","0","0","0","0","0","0","0","0","0","0","0","0","1"
"Clerodendron indet","","NE","","Unkown",NA,"","NE","NE","NE","NE","NE","NE","NE","NE","NE","NE","NE","NE","NE","NE","NE","NE","NE","NE","NE","NE","NE","NE","NE","NE","NE","NE","NE","NE","NE","NE","NE","NE","NE","NE","NE","Clerodendron indet","0","0","0","0","0","0","0","0","0","0","0","0","0","0","0","0","0","1"
"Clutia abyssinia","","NE","","Unkown",NA,"","NE","NE","NE","NE","NE","NE","NE","NE","NE","NE","NE","NE","NE","NE","NE","NE","NE","NE","NE","NE","NE","NE","NE","NE","NE","NE","NE","NE","NE","NE","NE","NE","NE","NE","NE","Clutia abyssinia","0","0","0","0","0","0","0","0","0","0","0","0","0","0","0","0","0","1"
"Cola indet","","NE","","Unkown",NA,"","NE","NE","NE","NE","NE","NE","NE","NE","NE","NE","NE","NE","NE","NE","NE","NE","NE","NE","NE","NE","NE","NE","NE","NE","NE","NE","NE","NE","NE","NE","NE","NE","NE","NE","NE","Cola indet","0","0","0","0","0","0","0","0","0","0","0","0","0","0","0","0","0","1"
"Combretum indet1","","NE","","Unkown",NA,"","NE","NE","NE","NE","NE","NE","NE","NE","NE","NE","NE","NE","NE","NE","NE","NE","NE","NE","NE","NE","NE","NE","NE","NE","NE","NE","NE","NE","NE","NE","NE","NE","NE","NE","NE","Combretum indet1","0","0","0","0","0","0","0","0","0","0","0","0","0","0","0","0","0","1"
"Combretum indet2","","NE","","Unkown",NA,"","NE","NE","NE","NE","NE","NE","NE","NE","NE","NE","NE","NE","NE","NE","NE","NE","NE","NE","NE","NE","NE","NE","NE","NE","NE","NE","NE","NE","NE","NE","NE","NE","NE","NE","NE","Combretum indet2","0","0","0","0","0","0","0","0","0","0","0","0","0","0","0","0","0","1"
"Commiphora africana","","NE","","Unkown",NA,"","NE","NE","NE","NE","NE","NE","NE","NE","NE","NE","NE","NE","NE","NE","NE","NE","NE","NE","NE","NE","NE","NE","NE","NE","NE","NE","NE","NE","NE","NE","NE","NE","NE","NE","NE","Commiphora africana","0","0","0","0","0","0","0","0","0","0","0","0","0","0","0","0","0","1"
"Commiphora indet1","","NE","","Unkown",NA,"","NE","NE","NE","NE","NE","NE","NE","NE","NE","NE","NE","NE","NE","NE","NE","NE","NE","NE","NE","NE","NE","NE","NE","NE","NE","NE","NE","NE","NE","NE","NE","NE","NE","NE","NE","Commiphora indet1","0","0","0","0","0","0","0","0","0","0","0","0","0","0","0","0","0","1"
"Commiphora indet2","","NE","","Unkown",NA,"","NE","NE","NE","NE","NE","NE","NE","NE","NE","NE","NE","NE","NE","NE","NE","NE","NE","NE","NE","NE","NE","NE","NE","NE","NE","NE","NE","NE","NE","NE","NE","NE","NE","NE","NE","Commiphora indet2","0","0","0","0","0","0","0","0","0","0","0","0","0","0","0","0","0","1"
"Commiphora indet4","","NE","","Unkown",NA,"","NE","NE","NE","NE","NE","NE","NE","NE","NE","NE","NE","NE","NE","NE","NE","NE","NE","NE","NE","NE","NE","NE","NE","NE","NE","NE","NE","NE","NE","NE","NE","NE","NE","NE","NE","Commiphora indet4","0","0","0","0","0","0","0","0","0","0","0","0","0","0","0","0","0","1"
"Commiphora ovalisifolia","","NE","","Unkown",NA,"","NE","NE","NE","NE","NE","NE","NE","NE","NE","NE","NE","NE","NE","NE","NE","NE","NE","NE","NE","NE","NE","NE","NE","NE","NE","NE","NE","NE","NE","NE","NE","NE","NE","NE","NE","Commiphora ovalisifolia","0","0","0","0","0","0","0","0","0","0","0","0","0","0","0","0","0","1"
"Commiphora zimmermania","","NE","","Unkown",NA,"","NE","NE","NE","NE","NE","NE","NE","NE","NE","NE","NE","NE","NE","NE","NE","NE","NE","NE","NE","NE","NE","NE","NE","NE","NE","NE","NE","NE","NE","NE","NE","NE","NE","NE","NE","Commiphora zimmermania","0","0","0","0","0","0","0","0","0","0","0","0","0","0","0","0","0","1"
"Cordia africana","","NE","","Unkown",NA,"","NE","NE","NE","NE","NE","NE","NE","NE","NE","NE","NE","NE","NE","NE","NE","NE","NE","NE","NE","NE","NE","NE","NE","NE","NE","NE","NE","NE","NE","NE","NE","NE","NE","NE","NE","Cordia africana","0","0","0","0","0","0","0","0","0","0","0","0","0","0","0","0","0","1"
"Crebia indet","","NE","","Unkown",NA,"","NE","NE","NE","NE","NE","NE","NE","NE","NE","NE","NE","NE","NE","NE","NE","NE","NE","NE","NE","NE","NE","NE","NE","NE","NE","NE","NE","NE","NE","NE","NE","NE","NE","NE","NE","Crebia indet","0","0","0","0","0","0","0","0","0","0","0","0","0","0","0","0","0","1"
"Croton macrostachyus","","NE","","Unkown",NA,"","NE","NE","NE","NE","NE","NE","NE","NE","NE","NE","NE","NE","NE","NE","NE","NE","NE","NE","NE","NE","NE","NE","NE","NE","NE","NE","NE","NE","NE","NE","NE","NE","NE","NE","NE","Croton macrostachyus","0","0","0","0","0","0","0","0","0","0","0","0","0","0","0","0","0","1"
"Croton megalocarpus","","NE","","Unkown",NA,"","NE","NE","NE","NE","NE","NE","NE","NE","NE","NE","NE","NE","NE","NE","NE","NE","NE","NE","NE","NE","NE","NE","NE","NE","NE","NE","NE","NE","NE","NE","NE","NE","NE","NE","NE","Croton megalocarpus","0","0","0","0","0","0","0","0","0","0","0","0","0","0","0","0","0","1"
"Cupressus lusitanica","CUPRESSACEAE","LC","","Unknown",NA,"Belize, El Salvador, Guatemala, Honduras, Mexico, Nicaragua","NE","NE","NE","NE","NE","NE","NE","NE","NE","NE","NE","NE","NE","NE","NE","NE","NE","NE","NE","NE","NE","NE","NE","NE","NE","NE","NE","NE","NE","NE","NE","NE","NE","LC","LC","Cupressus lusitanica","1","0","0","0","0","0","0","0","0","0","0","0","0","0","0","0","0","0"
"Cussonia schefferi","","NE","","Unkown",NA,"","NE","NE","NE","NE","NE","NE","NE","NE","NE","NE","NE","NE","NE","NE","NE","NE","NE","NE","NE","NE","NE","NE","NE","NE","NE","NE","NE","NE","NE","NE","NE","NE","NE","NE","NE","Cussonia schefferi","0","0","0","0","0","0","0","0","0","0","0","0","0","0","0","0","0","1"
"Cussonia spicata","","NE","","Unkown",NA,"","NE","NE","NE","NE","NE","NE","NE","NE","NE","NE","NE","NE","NE","NE","NE","NE","NE","NE","NE","NE","NE","NE","NE","NE","NE","NE","NE","NE","NE","NE","NE","NE","NE","NE","NE","Cussonia spicata","0","0","0","0","0","0","0","0","0","0","0","0","0","0","0","0","0","1"
"Dalbergia melanoxylon","LEGUMINOSAE","NT","","Unknown",NA,"Angola, Botswana, Burkina Faso, Cameroon, Central African Republic, Chad, The Democratic Republic of the Congo, Côte d'Ivoire, Ethiopia, Kenya, Malawi, Mali, Mozambique, Namibia, Nigeria, Senegal, South Africa, South Sudan, Sudan, United Republic of Tanzania, Uganda, Zambia, Zimbabwe","NE","NE","NE","NE","NE","NE","NE","NE","NE","NE","NE","NE","NE","NE","NE","NE","NE","NE","LR/nt","LR/nt","LR/nt","LR/nt","LR/nt","LR/nt","LR/nt","LR/nt","LR/nt","LR/nt","LR/nt","LR/nt","LR/nt","LR/nt","LR/nt","LR/nt","LR/nt","Dalbergia melanoxylon","0","0","0","0","0","0","0","0","0","0","0","0","0","0","0","0","0","1"
"Delonix regia","LEGUMINOSAE","LC","","Unknown",NA,"Madagascar, Angola, Antigua and Barbuda, Argentina, Australia, Bahamas, Bangladesh, Belize, Bermuda, Bhutan, Brazil, Brunei Darussalam, Burundi, Cambodia, Cameroon, Cayman Islands, Chad, China, Colombia, Comoros, The Democratic Republic of the Congo, Cook Islands, Costa Rica, Cuba, Djibouti, Dominica, Dominican Republic, Ecuador, Egypt, El Salvador, Ethiopia, Fiji, French Guiana, French Polynesia, Ghana, Guatemala, Guinea, Haiti, Honduras, India, Indonesia, Islamic Republic of Iran, Jamaica, Japan, Kenya, Lao People's Democratic Republic, Libya, Malaysia, Maldives, Mali, Marshall Islands, Mauritius, Mayotte, Mexico, Mozambique, Myanmar, Nauru, Nepal, Nicaragua, Niger, Niue, Northern Mariana Islands, Oman, Pakistan, Panama, Papua New Guinea, Paraguay, Philippines, Puerto Rico, Réunion, Seychelles, Sierra Leone, Singapore, Solomon Islands, Somalia, South Africa, Sri Lanka, Taiwan, Province of China, United Republic of Tanzania, Thailand, Togo, Tonga, Trinidad and Tobago, Uganda, United States, Venezuela, Viet Nam, Zambia, Zimbabwe","NE","NE","NE","NE","NE","NE","NE","NE","NE","NE","NE","NE","NE","NE","NE","NE","NE","NE","NE","NE","NE","NE","NE","NE","NE","NE","NE","NE","NE","NE","NE","NE","NE","NE","LC","Delonix regia","1","0","0","0","0","0","0","0","0","0","0","0","0","0","0","0","0","0"
"Dodonea sp1","","NE","","Unkown",NA,"","NE","NE","NE","NE","NE","NE","NE","NE","NE","NE","NE","NE","NE","NE","NE","NE","NE","NE","NE","NE","NE","NE","NE","NE","NE","NE","NE","NE","NE","NE","NE","NE","NE","NE","NE","Dodonea sp1","0","0","0","0","0","0","0","0","0","0","0","0","0","0","0","0","0","1"
"Dombeya indet","","NE","","Unkown",NA,"","NE","NE","NE","NE","NE","NE","NE","NE","NE","NE","NE","NE","NE","NE","NE","NE","NE","NE","NE","NE","NE","NE","NE","NE","NE","NE","NE","NE","NE","NE","NE","NE","NE","NE","NE","Dombeya indet","0","0","0","0","0","0","0","0","0","0","0","0","0","0","0","0","0","1"
"Dovyalis caffra","","NE","","Unkown",NA,"","NE","NE","NE","NE","NE","NE","NE","NE","NE","NE","NE","NE","NE","NE","NE","NE","NE","NE","NE","NE","NE","NE","NE","NE","NE","NE","NE","NE","NE","NE","NE","NE","NE","NE","NE","Dovyalis caffra","0","0","0","0","0","0","0","0","0","0","0","0","0","0","0","0","0","1"
"Dovyalis macrocalyx","","NE","","Unkown",NA,"","NE","NE","NE","NE","NE","NE","NE","NE","NE","NE","NE","NE","NE","NE","NE","NE","NE","NE","NE","NE","NE","NE","NE","NE","NE","NE","NE","NE","NE","NE","NE","NE","NE","NE","NE","Dovyalis macrocalyx","0","0","0","0","0","0","0","0","0","0","0","0","0","0","0","0","0","1"
"Dracaena indet","","NE","","Unkown",NA,"","NE","NE","NE","NE","NE","NE","NE","NE","NE","NE","NE","NE","NE","NE","NE","NE","NE","NE","NE","NE","NE","NE","NE","NE","NE","NE","NE","NE","NE","NE","NE","NE","NE","NE","NE","Dracaena indet","0","0","0","0","0","0","0","0","0","0","0","0","0","0","0","0","0","1"
"Eryobotria japonica","","NE","","Unkown",NA,"","NE","NE","NE","NE","NE","NE","NE","NE","NE","NE","NE","NE","NE","NE","NE","NE","NE","NE","NE","NE","NE","NE","NE","NE","NE","NE","NE","NE","NE","NE","NE","NE","NE","NE","NE","Eryobotria japonica","0","0","0","0","0","0","0","0","0","0","0","0","0","0","0","0","0","1"
"Erythrina abyssinica","","NE","","Unkown",NA,"","NE","NE","NE","NE","NE","NE","NE","NE","NE","NE","NE","NE","NE","NE","NE","NE","NE","NE","NE","NE","NE","NE","NE","NE","NE","NE","NE","NE","NE","NE","NE","NE","NE","NE","NE","Erythrina abyssinica","0","0","0","0","0","0","0","0","0","0","0","0","0","0","0","0","0","1"
"Eucalyptus globulus","","NE","","Unkown",NA,"","NE","NE","NE","NE","NE","NE","NE","NE","NE","NE","NE","NE","NE","NE","NE","NE","NE","NE","NE","NE","NE","NE","NE","NE","NE","NE","NE","NE","NE","NE","NE","NE","NE","NE","NE","Eucalyptus globulus","0","0","0","0","0","0","0","0","0","0","0","0","0","0","0","0","0","1"
"Eucalyptus grandis","","NE","","Unkown",NA,"","NE","NE","NE","NE","NE","NE","NE","NE","NE","NE","NE","NE","NE","NE","NE","NE","NE","NE","NE","NE","NE","NE","NE","NE","NE","NE","NE","NE","NE","NE","NE","NE","NE","NE","NE","Eucalyptus grandis","0","0","0","0","0","0","0","0","0","0","0","0","0","0","0","0","0","1"
"Eucalyptus maculata","","NE","","Unkown",NA,"","NE","NE","NE","NE","NE","NE","NE","NE","NE","NE","NE","NE","NE","NE","NE","NE","NE","NE","NE","NE","NE","NE","NE","NE","NE","NE","NE","NE","NE","NE","NE","NE","NE","NE","NE","Eucalyptus maculata","0","0","0","0","0","0","0","0","0","0","0","0","0","0","0","0","0","1"
"Eucalyptus saligna","","NE","","Unkown",NA,"","NE","NE","NE","NE","NE","NE","NE","NE","NE","NE","NE","NE","NE","NE","NE","NE","NE","NE","NE","NE","NE","NE","NE","NE","NE","NE","NE","NE","NE","NE","NE","NE","NE","NE","NE","Eucalyptus saligna","0","0","0","0","0","0","0","0","0","0","0","0","0","0","0","0","0","1"
"Eucalyptus sp1","","NE","","Unkown",NA,"","NE","NE","NE","NE","NE","NE","NE","NE","NE","NE","NE","NE","NE","NE","NE","NE","NE","NE","NE","NE","NE","NE","NE","NE","NE","NE","NE","NE","NE","NE","NE","NE","NE","NE","NE","Eucalyptus sp1","0","0","0","0","0","0","0","0","0","0","0","0","0","0","0","0","0","1"
"Euclea divinorum","","NE","","Unkown",NA,"","NE","NE","NE","NE","NE","NE","NE","NE","NE","NE","NE","NE","NE","NE","NE","NE","NE","NE","NE","NE","NE","NE","NE","NE","NE","NE","NE","NE","NE","NE","NE","NE","NE","NE","NE","Euclea divinorum","0","0","0","0","0","0","0","0","0","0","0","0","0","0","0","0","0","1"
"Euphorbia indet","","NE","","Unkown",NA,"","NE","NE","NE","NE","NE","NE","NE","NE","NE","NE","NE","NE","NE","NE","NE","NE","NE","NE","NE","NE","NE","NE","NE","NE","NE","NE","NE","NE","NE","NE","NE","NE","NE","NE","NE","Euphorbia indet","0","0","0","0","0","0","0","0","0","0","0","0","0","0","0","0","0","1"
"Euphorbia tirucalli","EUPHORBIACEAE","LC","","Stable",NA,"Angola, The Democratic Republic of the Congo, Madagascar, Mozambique, Rwanda, South Africa, Swaziland, United Republic of Tanzania, Zambia, Ghana, India, Philippines, Viet Nam, Eritrea, Ethiopia, Sao Tomé and Principe, Somalia, South Sudan, Sudan","NE","NE","NE","NE","NE","NE","NE","NE","NE","NE","NE","NE","NE","NE","NE","NE","NE","NE","NE","NE","NE","NE","NE","NE","LC","LC","LC","LC","LC","LC","LC","LC","LC","LC","LC","Euphorbia tirucalli","1","1","1","0","0","0","0","0","0","0","0","0","0","0","0","0","0","0"
"Euphorbiaceae","TELMATOBIIDAE","VU","B1ab(iii)","Unknown",1940,"Bolivia","NE","NE","NE","NE","NE","NE","NE","NE","NE","NE","NE","NE","NE","NE","NE","NE","NE","NE","NE","NE","NE","NE","NE","NE","NE","NE","NE","NE","NE","NE","VU","VU","VU","VU","VU","Euphorbiaceae","0","0","0","0","1","0","0","0","0","0","0","0","0","0","0","0","0","0"
"Fagaropsis angolensis","","NE","","Unkown",NA,"","NE","NE","NE","NE","NE","NE","NE","NE","NE","NE","NE","NE","NE","NE","NE","NE","NE","NE","NE","NE","NE","NE","NE","NE","NE","NE","NE","NE","NE","NE","NE","NE","NE","NE","NE","Fagaropsis angolensis","0","0","0","0","0","0","0","0","0","0","0","0","0","0","0","0","0","1"
"Ficus indet1","","NE","","Unkown",NA,"","NE","NE","NE","NE","NE","NE","NE","NE","NE","NE","NE","NE","NE","NE","NE","NE","NE","NE","NE","NE","NE","NE","NE","NE","NE","NE","NE","NE","NE","NE","NE","NE","NE","NE","NE","Ficus indet1","0","0","0","0","0","0","0","0","0","0","0","0","0","0","0","0","0","1"
"Ficus indet2","","NE","","Unkown",NA,"","NE","NE","NE","NE","NE","NE","NE","NE","NE","NE","NE","NE","NE","NE","NE","NE","NE","NE","NE","NE","NE","NE","NE","NE","NE","NE","NE","NE","NE","NE","NE","NE","NE","NE","NE","Ficus indet2","0","0","0","0","0","0","0","0","0","0","0","0","0","0","0","0","0","1"
"Ficus sp1","","NE","","Unkown",NA,"","NE","NE","NE","NE","NE","NE","NE","NE","NE","NE","NE","NE","NE","NE","NE","NE","NE","NE","NE","NE","NE","NE","NE","NE","NE","NE","NE","NE","NE","NE","NE","NE","NE","NE","NE","Ficus sp1","0","0","0","0","0","0","0","0","0","0","0","0","0","0","0","0","0","1"
"Ficus sur","","NE","","Unkown",NA,"","NE","NE","NE","NE","NE","NE","NE","NE","NE","NE","NE","NE","NE","NE","NE","NE","NE","NE","NE","NE","NE","NE","NE","NE","NE","NE","NE","NE","NE","NE","NE","NE","NE","NE","NE","Ficus sur","0","0","0","0","0","0","0","0","0","0","0","0","0","0","0","0","0","1"
"Ficus sycomorus","","NE","","Unkown",NA,"","NE","NE","NE","NE","NE","NE","NE","NE","NE","NE","NE","NE","NE","NE","NE","NE","NE","NE","NE","NE","NE","NE","NE","NE","NE","NE","NE","NE","NE","NE","NE","NE","NE","NE","NE","Ficus sycomorus","0","0","0","0","0","0","0","0","0","0","0","0","0","0","0","0","0","1"
"Ficus thoningii","","NE","","Unkown",NA,"","NE","NE","NE","NE","NE","NE","NE","NE","NE","NE","NE","NE","NE","NE","NE","NE","NE","NE","NE","NE","NE","NE","NE","NE","NE","NE","NE","NE","NE","NE","NE","NE","NE","NE","NE","Ficus thoningii","0","0","0","0","0","0","0","0","0","0","0","0","0","0","0","0","0","1"
"Grevillea robusta","","NE","","Unkown",NA,"","NE","NE","NE","NE","NE","NE","NE","NE","NE","NE","NE","NE","NE","NE","NE","NE","NE","NE","NE","NE","NE","NE","NE","NE","NE","NE","NE","NE","NE","NE","NE","NE","NE","NE","NE","Grevillea robusta","0","0","0","0","0","0","0","0","0","0","0","0","0","0","0","0","0","1"
"Grewia bicolor","","NE","","Unkown",NA,"","NE","NE","NE","NE","NE","NE","NE","NE","NE","NE","NE","NE","NE","NE","NE","NE","NE","NE","NE","NE","NE","NE","NE","NE","NE","NE","NE","NE","NE","NE","NE","NE","NE","NE","NE","Grewia bicolor","0","0","0","0","0","0","0","0","0","0","0","0","0","0","0","0","0","1"
"Grewia similis","","NE","","Unkown",NA,"","NE","NE","NE","NE","NE","NE","NE","NE","NE","NE","NE","NE","NE","NE","NE","NE","NE","NE","NE","NE","NE","NE","NE","NE","NE","NE","NE","NE","NE","NE","NE","NE","NE","NE","NE","Grewia similis","0","0","0","0","0","0","0","0","0","0","0","0","0","0","0","0","0","1"
"Grewia sp","","NE","","Unkown",NA,"","NE","NE","NE","NE","NE","NE","NE","NE","NE","NE","NE","NE","NE","NE","NE","NE","NE","NE","NE","NE","NE","NE","NE","NE","NE","NE","NE","NE","NE","NE","NE","NE","NE","NE","NE","Grewia sp","0","0","0","0","0","0","0","0","0","0","0","0","0","0","0","0","0","1"
"Indet dead","","NE","","Unkown",NA,"","NE","NE","NE","NE","NE","NE","NE","NE","NE","NE","NE","NE","NE","NE","NE","NE","NE","NE","NE","NE","NE","NE","NE","NE","NE","NE","NE","NE","NE","NE","NE","NE","NE","NE","NE","Indet dead","0","0","0","0","0","0","0","0","0","0","0","0","0","0","0","0","0","1"
"Indet fulameni","","NE","","Unkown",NA,"","NE","NE","NE","NE","NE","NE","NE","NE","NE","NE","NE","NE","NE","NE","NE","NE","NE","NE","NE","NE","NE","NE","NE","NE","NE","NE","NE","NE","NE","NE","NE","NE","NE","NE","NE","Indet fulameni","0","0","0","0","0","0","0","0","0","0","0","0","0","0","0","0","0","1"
"Indet maasa","","NE","","Unkown",NA,"","NE","NE","NE","NE","NE","NE","NE","NE","NE","NE","NE","NE","NE","NE","NE","NE","NE","NE","NE","NE","NE","NE","NE","NE","NE","NE","NE","NE","NE","NE","NE","NE","NE","NE","NE","Indet maasa","0","0","0","0","0","0","0","0","0","0","0","0","0","0","0","0","0","1"
"Indet Msasa","","NE","","Unkown",NA,"","NE","NE","NE","NE","NE","NE","NE","NE","NE","NE","NE","NE","NE","NE","NE","NE","NE","NE","NE","NE","NE","NE","NE","NE","NE","NE","NE","NE","NE","NE","NE","NE","NE","NE","NE","Indet Msasa","0","0","0","0","0","0","0","0","0","0","0","0","0","0","0","0","0","1"
"Indet Pealtice","","NE","","Unkown",NA,"","NE","NE","NE","NE","NE","NE","NE","NE","NE","NE","NE","NE","NE","NE","NE","NE","NE","NE","NE","NE","NE","NE","NE","NE","NE","NE","NE","NE","NE","NE","NE","NE","NE","NE","NE","Indet Pealtice","0","0","0","0","0","0","0","0","0","0","0","0","0","0","0","0","0","1"
"Indet spxx","","NE","","Unkown",NA,"","NE","NE","NE","NE","NE","NE","NE","NE","NE","NE","NE","NE","NE","NE","NE","NE","NE","NE","NE","NE","NE","NE","NE","NE","NE","NE","NE","NE","NE","NE","NE","NE","NE","NE","NE","Indet spxx","0","0","0","0","0","0","0","0","0","0","0","0","0","0","0","0","0","1"
"Indet spxy","","NE","","Unkown",NA,"","NE","NE","NE","NE","NE","NE","NE","NE","NE","NE","NE","NE","NE","NE","NE","NE","NE","NE","NE","NE","NE","NE","NE","NE","NE","NE","NE","NE","NE","NE","NE","NE","NE","NE","NE","Indet spxy","0","0","0","0","0","0","0","0","0","0","0","0","0","0","0","0","0","1"
"Indet spyy","","NE","","Unkown",NA,"","NE","NE","NE","NE","NE","NE","NE","NE","NE","NE","NE","NE","NE","NE","NE","NE","NE","NE","NE","NE","NE","NE","NE","NE","NE","NE","NE","NE","NE","NE","NE","NE","NE","NE","NE","Indet spyy","0","0","0","0","0","0","0","0","0","0","0","0","0","0","0","0","0","1"
"Indet Tree","","NE","","Unkown",NA,"","NE","NE","NE","NE","NE","NE","NE","NE","NE","NE","NE","NE","NE","NE","NE","NE","NE","NE","NE","NE","NE","NE","NE","NE","NE","NE","NE","NE","NE","NE","NE","NE","NE","NE","NE","Indet Tree","0","0","0","0","0","0","0","0","0","0","0","0","0","0","0","0","0","1"
"Invilloa","TELMATOBIIDAE","VU","B1ab(iii)","Unknown",1940,"Bolivia","NE","NE","NE","NE","NE","NE","NE","NE","NE","NE","NE","NE","NE","NE","NE","NE","NE","NE","NE","NE","NE","NE","NE","NE","NE","NE","NE","NE","NE","NE","VU","VU","VU","VU","VU","Invilloa","0","0","0","0","1","0","0","0","0","0","0","0","0","0","0","0","0","0"
"Jacaranda mimosifolia","BIGNONIACEAE","VU","B1+2ac","Unknown",NA,"Argentina, Bolivia, Costa Rica, Panama","NE","NE","NE","NE","NE","NE","NE","NE","NE","NE","NE","NE","NE","NE","NE","NE","NE","NE","VU","VU","VU","VU","VU","VU","VU","VU","VU","VU","VU","VU","VU","VU","VU","VU","VU","Jacaranda mimosifolia","0","0","0","0","0","0","0","0","0","0","0","0","0","0","0","0","0","1"
"Ketia gueenzii","","NE","","Unkown",NA,"","NE","NE","NE","NE","NE","NE","NE","NE","NE","NE","NE","NE","NE","NE","NE","NE","NE","NE","NE","NE","NE","NE","NE","NE","NE","NE","NE","NE","NE","NE","NE","NE","NE","NE","NE","Ketia gueenzii","0","0","0","0","0","0","0","0","0","0","0","0","0","0","0","0","0","1"
"Kigelia africana","","NE","","Unkown",NA,"","NE","NE","NE","NE","NE","NE","NE","NE","NE","NE","NE","NE","NE","NE","NE","NE","NE","NE","NE","NE","NE","NE","NE","NE","NE","NE","NE","NE","NE","NE","NE","NE","NE","NE","NE","Kigelia africana","0","0","0","0","0","0","0","0","0","0","0","0","0","0","0","0","0","1"
"Leucina leucocephala","","NE","","Unkown",NA,"","NE","NE","NE","NE","NE","NE","NE","NE","NE","NE","NE","NE","NE","NE","NE","NE","NE","NE","NE","NE","NE","NE","NE","NE","NE","NE","NE","NE","NE","NE","NE","NE","NE","NE","NE","Leucina leucocephala","0","0","0","0","0","0","0","0","0","0","0","0","0","0","0","0","0","1"
"Macadamia indet","","NE","","Unkown",NA,"","NE","NE","NE","NE","NE","NE","NE","NE","NE","NE","NE","NE","NE","NE","NE","NE","NE","NE","NE","NE","NE","NE","NE","NE","NE","NE","NE","NE","NE","NE","NE","NE","NE","NE","NE","Macadamia indet","0","0","0","0","0","0","0","0","0","0","0","0","0","0","0","0","0","1"
"Macaranga capensis","","NE","","Unkown",NA,"","NE","NE","NE","NE","NE","NE","NE","NE","NE","NE","NE","NE","NE","NE","NE","NE","NE","NE","NE","NE","NE","NE","NE","NE","NE","NE","NE","NE","NE","NE","NE","NE","NE","NE","NE","Macaranga capensis","0","0","0","0","0","0","0","0","0","0","0","0","0","0","0","0","0","1"
"Maesa lanceolata","","NE","","Unkown",NA,"","NE","NE","NE","NE","NE","NE","NE","NE","NE","NE","NE","NE","NE","NE","NE","NE","NE","NE","NE","NE","NE","NE","NE","NE","NE","NE","NE","NE","NE","NE","NE","NE","NE","NE","NE","Maesa lanceolata","0","0","0","0","0","0","0","0","0","0","0","0","0","0","0","0","0","1"
"Maesopsis eminii","","NE","","Unkown",NA,"","NE","NE","NE","NE","NE","NE","NE","NE","NE","NE","NE","NE","NE","NE","NE","NE","NE","NE","NE","NE","NE","NE","NE","NE","NE","NE","NE","NE","NE","NE","NE","NE","NE","NE","NE","Maesopsis eminii","0","0","0","0","0","0","0","0","0","0","0","0","0","0","0","0","0","1"
"Mangifera indica","ANACARDIACEAE","DD","","Unknown",NA,"India, Bangladesh, China, Indonesia, Malaysia, Myanmar, Philippines, Sri Lanka, Thailand, Viet Nam","NE","NE","NE","NE","NE","NE","NE","NE","NE","NE","NE","NE","NE","NE","NE","NE","NE","NE","DD","DD","DD","DD","DD","DD","DD","DD","DD","DD","DD","DD","DD","DD","DD","DD","DD","Mangifera indica","0","0","0","0","0","0","0","0","0","0","0","0","0","0","0","0","0","1"
"Manihot","TELMATOBIIDAE","VU","B1ab(iii)","Unknown",1940,"Bolivia","NE","NE","NE","NE","NE","NE","NE","NE","NE","NE","NE","NE","NE","NE","NE","NE","NE","NE","NE","NE","NE","NE","NE","NE","NE","NE","NE","NE","NE","NE","VU","VU","VU","VU","VU","Manihot","0","0","0","0","1","0","0","0","0","0","0","0","0","0","0","0","0","0"
"Markhamia lutea","","NE","","Unkown",NA,"","NE","NE","NE","NE","NE","NE","NE","NE","NE","NE","NE","NE","NE","NE","NE","NE","NE","NE","NE","NE","NE","NE","NE","NE","NE","NE","NE","NE","NE","NE","NE","NE","NE","NE","NE","Markhamia lutea","0","0","0","0","0","0","0","0","0","0","0","0","0","0","0","0","0","1"
"Markhamia obtusifolia","","NE","","Unkown",NA,"","NE","NE","NE","NE","NE","NE","NE","NE","NE","NE","NE","NE","NE","NE","NE","NE","NE","NE","NE","NE","NE","NE","NE","NE","NE","NE","NE","NE","NE","NE","NE","NE","NE","NE","NE","Markhamia obtusifolia","0","0","0","0","0","0","0","0","0","0","0","0","0","0","0","0","0","1"
"Melia volkensis","","NE","","Unkown",NA,"","NE","NE","NE","NE","NE","NE","NE","NE","NE","NE","NE","NE","NE","NE","NE","NE","NE","NE","NE","NE","NE","NE","NE","NE","NE","NE","NE","NE","NE","NE","NE","NE","NE","NE","NE","Melia volkensis","0","0","0","0","0","0","0","0","0","0","0","0","0","0","0","0","0","1"
"Milicia.excelsa","TELMATOBIIDAE","VU","B1ab(iii)","Unknown",1940,"Bolivia","NE","NE","NE","NE","NE","NE","NE","NE","NE","NE","NE","NE","NE","NE","NE","NE","NE","NE","NE","NE","NE","NE","NE","NE","NE","NE","NE","NE","NE","NE","VU","VU","VU","VU","VU","Milicia.excelsa","0","0","0","0","1","0","0","0","0","0","0","0","0","0","0","0","0","0"
"Milletia oblata","","NE","","Unkown",NA,"","NE","NE","NE","NE","NE","NE","NE","NE","NE","NE","NE","NE","NE","NE","NE","NE","NE","NE","NE","NE","NE","NE","NE","NE","NE","NE","NE","NE","NE","NE","NE","NE","NE","NE","NE","Milletia oblata","0","0","0","0","0","0","0","0","0","0","0","0","0","0","0","0","0","1"
"Morus alba","","NE","","Unkown",NA,"","NE","NE","NE","NE","NE","NE","NE","NE","NE","NE","NE","NE","NE","NE","NE","NE","NE","NE","NE","NE","NE","NE","NE","NE","NE","NE","NE","NE","NE","NE","NE","NE","NE","NE","NE","Morus alba","0","0","0","0","0","0","0","0","0","0","0","0","0","0","0","0","0","1"
"Myrica indet","","NE","","Unkown",NA,"","NE","NE","NE","NE","NE","NE","NE","NE","NE","NE","NE","NE","NE","NE","NE","NE","NE","NE","NE","NE","NE","NE","NE","NE","NE","NE","NE","NE","NE","NE","NE","NE","NE","NE","NE","Myrica indet","0","0","0","0","0","0","0","0","0","0","0","0","0","0","0","0","0","1"
"Newtonia buchananii","","NE","","Unkown",NA,"","NE","NE","NE","NE","NE","NE","NE","NE","NE","NE","NE","NE","NE","NE","NE","NE","NE","NE","NE","NE","NE","NE","NE","NE","NE","NE","NE","NE","NE","NE","NE","NE","NE","NE","NE","Newtonia buchananii","0","0","0","0","0","0","0","0","0","0","0","0","0","0","0","0","0","1"
"Nuxia floribunda","","NE","","Unkown",NA,"","NE","NE","NE","NE","NE","NE","NE","NE","NE","NE","NE","NE","NE","NE","NE","NE","NE","NE","NE","NE","NE","NE","NE","NE","NE","NE","NE","NE","NE","NE","NE","NE","NE","NE","NE","Nuxia floribunda","0","0","0","0","0","0","0","0","0","0","0","0","0","0","0","0","0","1"
"Ochna indet","","NE","","Unkown",NA,"","NE","NE","NE","NE","NE","NE","NE","NE","NE","NE","NE","NE","NE","NE","NE","NE","NE","NE","NE","NE","NE","NE","NE","NE","NE","NE","NE","NE","NE","NE","NE","NE","NE","NE","NE","Ochna indet","0","0","0","0","0","0","0","0","0","0","0","0","0","0","0","0","0","1"
"Ocotea indet","","NE","","Unkown",NA,"","NE","NE","NE","NE","NE","NE","NE","NE","NE","NE","NE","NE","NE","NE","NE","NE","NE","NE","NE","NE","NE","NE","NE","NE","NE","NE","NE","NE","NE","NE","NE","NE","NE","NE","NE","Ocotea indet","0","0","0","0","0","0","0","0","0","0","0","0","0","0","0","0","0","1"
"Olea africana","","NE","","Unkown",NA,"","NE","NE","NE","NE","NE","NE","NE","NE","NE","NE","NE","NE","NE","NE","NE","NE","NE","NE","NE","NE","NE","NE","NE","NE","NE","NE","NE","NE","NE","NE","NE","NE","NE","NE","NE","Olea africana","0","0","0","0","0","0","0","0","0","0","0","0","0","0","0","0","0","1"
"Onsignis sp","","NE","","Unkown",NA,"","NE","NE","NE","NE","NE","NE","NE","NE","NE","NE","NE","NE","NE","NE","NE","NE","NE","NE","NE","NE","NE","NE","NE","NE","NE","NE","NE","NE","NE","NE","NE","NE","NE","NE","NE","Onsignis sp","0","0","0","0","0","0","0","0","0","0","0","0","0","0","0","0","0","1"
"Opilensia spaciosa","","NE","","Unkown",NA,"","NE","NE","NE","NE","NE","NE","NE","NE","NE","NE","NE","NE","NE","NE","NE","NE","NE","NE","NE","NE","NE","NE","NE","NE","NE","NE","NE","NE","NE","NE","NE","NE","NE","NE","NE","Opilensia spaciosa","0","0","0","0","0","0","0","0","0","0","0","0","0","0","0","0","0","1"
"Oxyanthus speciosus","","NE","","Unkown",NA,"","NE","NE","NE","NE","NE","NE","NE","NE","NE","NE","NE","NE","NE","NE","NE","NE","NE","NE","NE","NE","NE","NE","NE","NE","NE","NE","NE","NE","NE","NE","NE","NE","NE","NE","NE","Oxyanthus speciosus","0","0","0","0","0","0","0","0","0","0","0","0","0","0","0","0","0","1"
"Persea americana","","NE","","Unkown",NA,"","NE","NE","NE","NE","NE","NE","NE","NE","NE","NE","NE","NE","NE","NE","NE","NE","NE","NE","NE","NE","NE","NE","NE","NE","NE","NE","NE","NE","NE","NE","NE","NE","NE","NE","NE","Persea americana","0","0","0","0","0","0","0","0","0","0","0","0","0","0","0","0","0","1"
"Pinus pittuda","","NE","","Unkown",NA,"","NE","NE","NE","NE","NE","NE","NE","NE","NE","NE","NE","NE","NE","NE","NE","NE","NE","NE","NE","NE","NE","NE","NE","NE","NE","NE","NE","NE","NE","NE","NE","NE","NE","NE","NE","Pinus pittuda","0","0","0","0","0","0","0","0","0","0","0","0","0","0","0","0","0","1"
"Podocarpus indet","","NE","","Unkown",NA,"","NE","NE","NE","NE","NE","NE","NE","NE","NE","NE","NE","NE","NE","NE","NE","NE","NE","NE","NE","NE","NE","NE","NE","NE","NE","NE","NE","NE","NE","NE","NE","NE","NE","NE","NE","Podocarpus indet","0","0","0","0","0","0","0","0","0","0","0","0","0","0","0","0","0","1"
"Polyscias studmanii","","NE","","Unkown",NA,"","NE","NE","NE","NE","NE","NE","NE","NE","NE","NE","NE","NE","NE","NE","NE","NE","NE","NE","NE","NE","NE","NE","NE","NE","NE","NE","NE","NE","NE","NE","NE","NE","NE","NE","NE","Polyscias studmanii","0","0","0","0","0","0","0","0","0","0","0","0","0","0","0","0","0","1"
"Prosopis juliflora","","NE","","Unkown",NA,"","NE","NE","NE","NE","NE","NE","NE","NE","NE","NE","NE","NE","NE","NE","NE","NE","NE","NE","NE","NE","NE","NE","NE","NE","NE","NE","NE","NE","NE","NE","NE","NE","NE","NE","NE","Prosopis juliflora","0","0","0","0","0","0","0","0","0","0","0","0","0","0","0","0","0","1"
"Prunus africana","ROSACEAE","VU","A1cd","Unknown",NA,"Angola, Burundi, Cameroon, The Democratic Republic of the Congo, Equatorial Guinea, Ethiopia, Kenya, Lesotho, Madagascar, Mozambique, Rwanda, Sao Tomé and Principe, South Africa, South Sudan, Sudan, Swaziland, United Republic of Tanzania, Uganda, Zambia, Zimbabwe","NE","NE","NE","NE","NE","NE","NE","NE","NE","NE","NE","NE","NE","NE","NE","NE","NE","NE","VU","VU","VU","VU","VU","VU","VU","VU","VU","VU","VU","VU","VU","VU","VU","VU","VU","Prunus africana","1","0","0","0","0","0","0","0","0","0","0","0","0","0","0","0","0","0"
"Psidium guajava","","NE","","Unkown",NA,"","NE","NE","NE","NE","NE","NE","NE","NE","NE","NE","NE","NE","NE","NE","NE","NE","NE","NE","NE","NE","NE","NE","NE","NE","NE","NE","NE","NE","NE","NE","NE","NE","NE","NE","NE","Psidium guajava","0","0","0","0","0","0","0","0","0","0","0","0","0","0","0","0","0","1"
"Psychotria indet","","NE","","Unkown",NA,"","NE","NE","NE","NE","NE","NE","NE","NE","NE","NE","NE","NE","NE","NE","NE","NE","NE","NE","NE","NE","NE","NE","NE","NE","NE","NE","NE","NE","NE","NE","NE","NE","NE","NE","NE","Psychotria indet","0","0","0","0","0","0","0","0","0","0","0","0","0","0","0","0","0","1"
"Rapanea rhododendroides","","NE","","Unkown",NA,"","NE","NE","NE","NE","NE","NE","NE","NE","NE","NE","NE","NE","NE","NE","NE","NE","NE","NE","NE","NE","NE","NE","NE","NE","NE","NE","NE","NE","NE","NE","NE","NE","NE","NE","NE","Rapanea rhododendroides","0","0","0","0","0","0","0","0","0","0","0","0","0","0","0","0","0","1"
"Rauvolfia caffra","","NE","","Unkown",NA,"","NE","NE","NE","NE","NE","NE","NE","NE","NE","NE","NE","NE","NE","NE","NE","NE","NE","NE","NE","NE","NE","NE","NE","NE","NE","NE","NE","NE","NE","NE","NE","NE","NE","NE","NE","Rauvolfia caffra","0","0","0","0","0","0","0","0","0","0","0","0","0","0","0","0","0","1"
"Rhus natalensis","","NE","","Unkown",NA,"","NE","NE","NE","NE","NE","NE","NE","NE","NE","NE","NE","NE","NE","NE","NE","NE","NE","NE","NE","NE","NE","NE","NE","NE","NE","NE","NE","NE","NE","NE","NE","NE","NE","NE","NE","Rhus natalensis","0","0","0","0","0","0","0","0","0","0","0","0","0","0","0","0","0","1"
"Rothmannia fischeri","","NE","","Unkown",NA,"","NE","NE","NE","NE","NE","NE","NE","NE","NE","NE","NE","NE","NE","NE","NE","NE","NE","NE","NE","NE","NE","NE","NE","NE","NE","NE","NE","NE","NE","NE","NE","NE","NE","NE","NE","Rothmannia fischeri","0","0","0","0","0","0","0","0","0","0","0","0","0","0","0","0","0","1"
"Rytigynia eickii","RUBIACEAE","VU","B1+2b","Unknown",NA,"Kenya, United Republic of Tanzania","NE","NE","NE","NE","NE","NE","NE","NE","NE","NE","NE","NE","NE","NE","NE","NE","NE","NE","VU","VU","VU","VU","VU","VU","VU","VU","VU","VU","VU","VU","VU","VU","VU","VU","VU","Rytigynia eickii","0","0","0","0","0","0","0","0","0","0","0","0","0","0","0","0","0","1"
"Salvadora persica","","NE","","Unkown",NA,"","NE","NE","NE","NE","NE","NE","NE","NE","NE","NE","NE","NE","NE","NE","NE","NE","NE","NE","NE","NE","NE","NE","NE","NE","NE","NE","NE","NE","NE","NE","NE","NE","NE","NE","NE","Salvadora persica","0","0","0","0","0","0","0","0","0","0","0","0","0","0","0","0","0","1"
"Senna siamea","","NE","","Unkown",NA,"","NE","NE","NE","NE","NE","NE","NE","NE","NE","NE","NE","NE","NE","NE","NE","NE","NE","NE","NE","NE","NE","NE","NE","NE","NE","NE","NE","NE","NE","NE","NE","NE","NE","NE","NE","Senna siamea","0","0","0","0","0","0","0","0","0","0","0","0","0","0","0","0","0","1"
"Sesbania sesban","","NE","","Unkown",NA,"","NE","NE","NE","NE","NE","NE","NE","NE","NE","NE","NE","NE","NE","NE","NE","NE","NE","NE","NE","NE","NE","NE","NE","NE","NE","NE","NE","NE","NE","NE","NE","NE","NE","NE","NE","Sesbania sesban","0","0","0","0","0","0","0","0","0","0","0","0","0","0","0","0","0","1"
"Solanace maniae","","NE","","Unkown",NA,"","NE","NE","NE","NE","NE","NE","NE","NE","NE","NE","NE","NE","NE","NE","NE","NE","NE","NE","NE","NE","NE","NE","NE","NE","NE","NE","NE","NE","NE","NE","NE","NE","NE","NE","NE","Solanace maniae","0","0","0","0","0","0","0","0","0","0","0","0","0","0","0","0","0","1"
"Spathodea nilotica","","NE","","Unkown",NA,"","NE","NE","NE","NE","NE","NE","NE","NE","NE","NE","NE","NE","NE","NE","NE","NE","NE","NE","NE","NE","NE","NE","NE","NE","NE","NE","NE","NE","NE","NE","NE","NE","NE","NE","NE","Spathodea nilotica","0","0","0","0","0","0","0","0","0","0","0","0","0","0","0","0","0","1"
"Strombosia sp","","NE","","Unkown",NA,"","NE","NE","NE","NE","NE","NE","NE","NE","NE","NE","NE","NE","NE","NE","NE","NE","NE","NE","NE","NE","NE","NE","NE","NE","NE","NE","NE","NE","NE","NE","NE","NE","NE","NE","NE","Strombosia sp","0","0","0","0","0","0","0","0","0","0","0","0","0","0","0","0","0","1"
"Syzigium cordatum","","NE","","Unkown",NA,"","NE","NE","NE","NE","NE","NE","NE","NE","NE","NE","NE","NE","NE","NE","NE","NE","NE","NE","NE","NE","NE","NE","NE","NE","NE","NE","NE","NE","NE","NE","NE","NE","NE","NE","NE","Syzigium cordatum","0","0","0","0","0","0","0","0","0","0","0","0","0","0","0","0","0","1"
"Syzygium cummunis","","NE","","Unkown",NA,"","NE","NE","NE","NE","NE","NE","NE","NE","NE","NE","NE","NE","NE","NE","NE","NE","NE","NE","NE","NE","NE","NE","NE","NE","NE","NE","NE","NE","NE","NE","NE","NE","NE","NE","NE","Syzygium cummunis","0","0","0","0","0","0","0","0","0","0","0","0","0","0","0","0","0","1"
"Syzygium guineense","","NE","","Unkown",NA,"","NE","NE","NE","NE","NE","NE","NE","NE","NE","NE","NE","NE","NE","NE","NE","NE","NE","NE","NE","NE","NE","NE","NE","NE","NE","NE","NE","NE","NE","NE","NE","NE","NE","NE","NE","Syzygium guineense","0","0","0","0","0","0","0","0","0","0","0","0","0","0","0","0","0","1"
"Syzygium incanum","","NE","","Unkown",NA,"","NE","NE","NE","NE","NE","NE","NE","NE","NE","NE","NE","NE","NE","NE","NE","NE","NE","NE","NE","NE","NE","NE","NE","NE","NE","NE","NE","NE","NE","NE","NE","NE","NE","NE","NE","Syzygium incanum","0","0","0","0","0","0","0","0","0","0","0","0","0","0","0","0","0","1"
"Tabaenamontana","TELMATOBIIDAE","VU","B1ab(iii)","Unknown",1940,"Bolivia","NE","NE","NE","NE","NE","NE","NE","NE","NE","NE","NE","NE","NE","NE","NE","NE","NE","NE","NE","NE","NE","NE","NE","NE","NE","NE","NE","NE","NE","NE","VU","VU","VU","VU","VU","Tabaenamontana","0","0","0","0","1","0","0","0","0","0","0","0","0","0","0","0","0","0"
"Tamarindus indica","","NE","","Unkown",NA,"","NE","NE","NE","NE","NE","NE","NE","NE","NE","NE","NE","NE","NE","NE","NE","NE","NE","NE","NE","NE","NE","NE","NE","NE","NE","NE","NE","NE","NE","NE","NE","NE","NE","NE","NE","Tamarindus indica","0","0","0","0","0","0","0","0","0","0","0","0","0","0","0","0","0","1"
"Terminalia brownii","","NE","","Unkown",NA,"","NE","NE","NE","NE","NE","NE","NE","NE","NE","NE","NE","NE","NE","NE","NE","NE","NE","NE","NE","NE","NE","NE","NE","NE","NE","NE","NE","NE","NE","NE","NE","NE","NE","NE","NE","Terminalia brownii","0","0","0","0","0","0","0","0","0","0","0","0","0","0","0","0","0","1"
"Thevetia peruviana","","NE","","Unkown",NA,"","NE","NE","NE","NE","NE","NE","NE","NE","NE","NE","NE","NE","NE","NE","NE","NE","NE","NE","NE","NE","NE","NE","NE","NE","NE","NE","NE","NE","NE","NE","NE","NE","NE","NE","NE","Thevetia peruviana","0","0","0","0","0","0","0","0","0","0","0","0","0","0","0","0","0","1"
"Tokoma terance","","NE","","Unkown",NA,"","NE","NE","NE","NE","NE","NE","NE","NE","NE","NE","NE","NE","NE","NE","NE","NE","NE","NE","NE","NE","NE","NE","NE","NE","NE","NE","NE","NE","NE","NE","NE","NE","NE","NE","NE","Tokoma terance","0","0","0","0","0","0","0","0","0","0","0","0","0","0","0","0","0","1"
"Tremor orientalis","","NE","","Unkown",NA,"","NE","NE","NE","NE","NE","NE","NE","NE","NE","NE","NE","NE","NE","NE","NE","NE","NE","NE","NE","NE","NE","NE","NE","NE","NE","NE","NE","NE","NE","NE","NE","NE","NE","NE","NE","Tremor orientalis","0","0","0","0","0","0","0","0","0","0","0","0","0","0","0","0","0","1"
"Trichilia indet","","NE","","Unkown",NA,"","NE","NE","NE","NE","NE","NE","NE","NE","NE","NE","NE","NE","NE","NE","NE","NE","NE","NE","NE","NE","NE","NE","NE","NE","NE","NE","NE","NE","NE","NE","NE","NE","NE","NE","NE","Trichilia indet","0","0","0","0","0","0","0","0","0","0","0","0","0","0","0","0","0","1"
"Turraea robusta","","NE","","Unkown",NA,"","NE","NE","NE","NE","NE","NE","NE","NE","NE","NE","NE","NE","NE","NE","NE","NE","NE","NE","NE","NE","NE","NE","NE","NE","NE","NE","NE","NE","NE","NE","NE","NE","NE","NE","NE","Turraea robusta","0","0","0","0","0","0","0","0","0","0","0","0","0","0","0","0","0","1"
"Urtica indet","","NE","","Unkown",NA,"","NE","NE","NE","NE","NE","NE","NE","NE","NE","NE","NE","NE","NE","NE","NE","NE","NE","NE","NE","NE","NE","NE","NE","NE","NE","NE","NE","NE","NE","NE","NE","NE","NE","NE","NE","Urtica indet","0","0","0","0","0","0","0","0","0","0","0","0","0","0","0","0","0","1"
"Vangueria madagascarensis","","NE","","Unkown",NA,"","NE","NE","NE","NE","NE","NE","NE","NE","NE","NE","NE","NE","NE","NE","NE","NE","NE","NE","NE","NE","NE","NE","NE","NE","NE","NE","NE","NE","NE","NE","NE","NE","NE","NE","NE","Vangueria madagascarensis","0","0","0","0","0","0","0","0","0","0","0","0","0","0","0","0","0","1"
"Xymalose sp","","NE","","Unkown",NA,"","NE","NE","NE","NE","NE","NE","NE","NE","NE","NE","NE","NE","NE","NE","NE","NE","NE","NE","NE","NE","NE","NE","NE","NE","NE","NE","NE","NE","NE","NE","NE","NE","NE","NE","NE","Xymalose sp","0","0","0","0","0","0","0","0","0","0","0","0","0","0","0","0","0","1"
